{"plugin":{"extension":[{"id":"RegExBasic.Locations","desc":"Function for output view RegExBasic.Locations","impl":{"category":"Test","arguments":[{"desc":"","applicationParameter":"","optional":"False","name":"label","defaultValue":"","type":"STRING"},{"desc":"","applicationParameter":"","optional":"False","name":"text","defaultValue":"","type":"STRING"}],"impl":[{"classname":"RegExBasic.RegExBasic_Locations","mode":"CLUSTER"}]},"name":"RegExBasic.Locations","type":"bigsheets.macro.eval.udf"}],"pluginId":"RegularExpression","name":"RegularExpression","runtime":"plugin.jar","requires":[],"version":"1.0.0.0"},"metadata":{"modulename":"RegExBasic","outputviews":["RegExBasic.Locations"]}}