<application-template xmlns="http://biginsights.ibm.com/application" xmlns:xsi="http://www.w3.org/2001/XMLSchema-instance">
    <name>Yahoo Parser</name>
    <description>Parse the yahoo results of BSUIR students into profiles URL file&#13;
&#13;
Author: Alexander Kozlov [alexssource@gmail.com]</description>
    <properties>
        <property description="The path to a file or a directory that contains the input data." isDataset="false" isInputPath="true" isOutputPath="false" isRequired="true" label="Input Data [Yahoo Parser]" name="datapath" paramtype="PATH" uitype="textfield"/>
        <property defaultValue="YahooModule.yahooView" description="Select an output view to use." isInputPath="false" isOutputPath="false" isRequired="true" label="Output View [Yahoo Parser]" name="outputview" paramtype="LIST" uitype="textfield" validValues="YahooModule.yahooUrlsView,ALL"/>
        <property description="The output directory." isDataset="false" isInputPath="false" isOutputPath="true" isRequired="true" label="Output Directory [Yahoo Parser]" name="outloc" paramtype="DIRECTORYPATH" uitype="textfield"/>
        <property defaultValue="false" description="Check to show advanced options." isInputPath="false" isOutputPath="false" isRequired="true" label="Advanced Options [Yahoo Parser]" name="advancedOptions" paramtype="BOOLEAN" uitype="textfield"/>
        <property condition="true" defaultValue="Text" dependsOn="advancedOptions" description="The type of document to be read." isInputPath="false" isOutputPath="false" isRequired="true" label="Input Format [Yahoo Parser]" name="doctype" paramtype="LIST" uitype="textfield" validValues="Text,CSV,CSV with header,New-line delimited,JSON"/>
        <property condition="true" defaultValue="," dependsOn="advancedOptions" description="Delimiter character used for CSV and CSV with header input formats." isInputPath="false" isOutputPath="false" isRequired="false" label="Delimiter Character [Yahoo Parser]" name="delchar" paramtype="STRING" uitype="textfield"/>
        <property condition="true" defaultValue="Text" dependsOn="advancedOptions" description="The output format." isInputPath="false" isOutputPath="false" isRequired="true" label="Output Type [Yahoo Parser]" name="outpolicy" paramtype="LIST" uitype="textfield" validValues="Span,Text,Span and Text"/>
        <property condition="true" defaultValue="en" dependsOn="advancedOptions" description="Enter the two character ISO representation for language of the input document collection being used." isInputPath="false" isOutputPath="false" isRequired="true" label="Language [Yahoo Parser]" name="language" paramtype="STRING" uitype="textfield"/>
    </properties>
    <assets>
        <asset id="Yahoo Parser" subtype="TEXTANALYTICS" type="WORKFLOW"/>
        <asset id="YahooParser" subtype="TEXTANALYTICS" type="BIGSHEETSPLUGIN"/>
    </assets>
    <imagePath>YahooParser.png</imagePath>
    <categories>BSUIR</categories>
</application-template>
