{"plugin":{"extension":[{"id":"ProfileExtractor.Profile","desc":"Function for output view ProfileExtractor.Profile","impl":{"category":"BSUIR","arguments":[{"desc":"","applicationParameter":"","optional":"False","name":"label","defaultValue":"","type":"STRING"},{"desc":"","applicationParameter":"","optional":"False","name":"text","defaultValue":"","type":"STRING"}],"impl":[{"classname":"ProfileExtractor.ProfileExtractor_Profile","mode":"CLUSTER"}]},"name":"ProfileExtractor.Profile","type":"bigsheets.macro.eval.udf"}],"pluginId":"BsuirProfilesParser","name":"BsuirProfilesParser","runtime":"plugin.jar","requires":[],"version":"1.0.0.0"},"metadata":{"modulename":"ProfileExtractor","outputviews":["ProfileExtractor.Profile"]}}