{"metadata":{"outputviews":["ProfileExtractor.Profile"],"modulename":"ProfileExtractor"},"plugin":{"extension":[{"impl":{"impl":[{"mode":"CLUSTER","classname":"ProfileExtractor.ProfileExtractor_Profile"}],"arguments":[{"defaultValue":"","name":"label","optional":"False","type":"STRING","applicationParameter":"","desc":""},{"defaultValue":"","name":"text","optional":"False","type":"STRING","applicationParameter":"","desc":""}],"category":"BSUIR"},"name":"ProfileExtractor.Profile","id":"ProfileExtractor.Profile","type":"bigsheets.macro.eval.udf","desc":"Function for output view ProfileExtractor.Profile"}],"pluginId":"BsuirProfilesParser","name":"BsuirProfilesParser","runtime":"plugin.jar","version":"1.0.0.0","requires":[]}}