{"metadata":{"outputviews":["ProfileExtractor.UniqueLocations","ProfileExtractor.BsuProfile","ProfileExtractor.BsuirProfile"],"modulename":"ProfileExtractor"},"plugin":{"extension":[{"impl":{"impl":[{"mode":"CLUSTER","classname":"ProfileExtractor.ProfileExtractor_UniqueLocations"}],"arguments":[{"defaultValue":"","name":"label","optional":"False","type":"STRING","applicationParameter":"","desc":""},{"defaultValue":"","name":"text","optional":"False","type":"STRING","applicationParameter":"","desc":""}],"category":"BSUIR"},"name":"ProfileExtractor.UniqueLocations","id":"ProfileExtractor.UniqueLocations","type":"bigsheets.macro.eval.udf","desc":"Function for output view ProfileExtractor.UniqueLocations"},{"impl":{"impl":[{"mode":"CLUSTER","classname":"ProfileExtractor.ProfileExtractor_BsuProfile"}],"arguments":[{"defaultValue":"","name":"label","optional":"False","type":"STRING","applicationParameter":"","desc":""},{"defaultValue":"","name":"text","optional":"False","type":"STRING","applicationParameter":"","desc":""}],"category":"BSUIR"},"name":"ProfileExtractor.BsuProfile","id":"ProfileExtractor.BsuProfile","type":"bigsheets.macro.eval.udf","desc":"Function for output view ProfileExtractor.BsuProfile"},{"impl":{"impl":[{"mode":"CLUSTER","classname":"ProfileExtractor.ProfileExtractor_BsuirProfile"}],"arguments":[{"defaultValue":"","name":"label","optional":"False","type":"STRING","applicationParameter":"","desc":""},{"defaultValue":"","name":"text","optional":"False","type":"STRING","applicationParameter":"","desc":""}],"category":"BSUIR"},"name":"ProfileExtractor.BsuirProfile","id":"ProfileExtractor.BsuirProfile","type":"bigsheets.macro.eval.udf","desc":"Function for output view ProfileExtractor.BsuirProfile"}],"pluginId":"LinkedinProfilesParser","name":"Linkedin Profiles Parser","runtime":"plugin.jar","version":"1.0.0.0","requires":[]}}