<workflow-app name="VkUsersBigInsightsProject" xmlns="uri:oozie:workflow:0.1">
    <start to="action1"/>
    <action name="action1">
        <java>
            <job-tracker>${jobTracker}</job-tracker>
            <name-node>${nameNode}</name-node>
            <configuration>
                <property>
                    <name>mapred.map.tasks</name>
                    <value>1000</value>
                </property>
            </configuration>
            <main-class> com.alexssource.fksis.biginsights.ImporterRunner</main-class>
            <arg>${inputPath}</arg>
            <arg>${outputPath}</arg>
        </java>
        <ok to="end"/>
        <error to="fail"/>
    </action>
    <kill name="fail">
        <message>error message[${wf:errorMessage(wf:lastErrorNode())}]</message>
    </kill>
    <end name="end"/>
</workflow-app>
