<configuration>
    <property>
        <name>namesFile</name>
        <value>null</value>
    </property>
    <property>
        <name>university</name>
        <value>bsuir</value>
    </property>
    <property>
        <name>resultPath</name>
        <value>null</value>
    </property>
    <property>
        <name>outputLogPath</name>
        <value>null</value>
    </property>
    <property>
        <name>proxyHost</name>
        <value>proxy.fksis.local</value>
    </property>
    <property>
        <name>proxyPort</name>
        <value>8080</value>
    </property>
</configuration>
