{"metadata":{"outputviews":["YahooModule.yahooUrlsView"],"modulename":"YahooModule"},"plugin":{"extension":[{"impl":{"impl":[{"mode":"CLUSTER","classname":"YahooModule.YahooModule_yahooUrlsView"}],"arguments":[{"defaultValue":"","name":"label","optional":"False","type":"STRING","applicationParameter":"","desc":""},{"defaultValue":"","name":"text","optional":"False","type":"STRING","applicationParameter":"","desc":""}],"category":"BSUIR"},"name":"YahooModule.yahooUrlsView","id":"YahooModule.yahooUrlsView","type":"bigsheets.macro.eval.udf","desc":"Function for output view YahooModule.yahooUrlsView"}],"pluginId":"YahooParser","name":"Yahoo Parser","runtime":"plugin.jar","version":"1.0.0.0","requires":[]}}