{"metadata":{"outputviews":["RussianNamesModule.RussianNamesView"],"modulename":"RussianNamesModule"},"plugin":{"extension":[{"impl":{"impl":[{"mode":"CLUSTER","classname":"RussianNamesModule.RussianNamesModule_RussianNamesView"}],"arguments":[{"defaultValue":"","name":"label","optional":"False","type":"STRING","applicationParameter":"","desc":""},{"defaultValue":"","name":"text","optional":"False","type":"STRING","applicationParameter":"","desc":""}],"category":"BSUIR"},"name":"RussianNamesModule.RussianNamesView","id":"RussianNamesModule.RussianNamesView","type":"bigsheets.macro.eval.udf","desc":"Function for output view RussianNamesModule.RussianNamesView"}],"pluginId":"RussianNamesParser","name":"Russian Names Parser","runtime":"plugin.jar","version":"1.0.0.0","requires":[]}}