{"plugin":{"extension":[{"id":"RussianNamesModule.RussianNamesView","desc":"Function for output view RussianNamesModule.RussianNamesView","impl":{"category":"BSUIR","arguments":[{"desc":"","applicationParameter":"","optional":"False","name":"label","defaultValue":"","type":"STRING"},{"desc":"","applicationParameter":"","optional":"False","name":"text","defaultValue":"","type":"STRING"}],"impl":[{"classname":"RussianNamesModule.RussianNamesModule_RussianNamesView","mode":"CLUSTER"}]},"name":"RussianNamesModule.RussianNamesView","type":"bigsheets.macro.eval.udf"}],"pluginId":"RussianNamesParser","name":"RussianNamesParser","runtime":"plugin.jar","requires":[],"version":"1.0.0.0"},"metadata":{"modulename":"RussianNamesModule","outputviews":["RussianNamesModule.RussianNamesView"]}}