<application-template xmlns="http://biginsights.ibm.com/application" xmlns:xsi="http://www.w3.org/2001/XMLSchema-instance">
    <name>Yahoo Reader MapReduce</name>
    <description>Crawle for Yahoo that will run by yahoo result pages by specified search query.&#13;
You need to specify the path to file which consists an search queries.&#13;
&#13;
Author: Alexander Kozlov [alexssource@gmail.com]</description>
    <properties>
        <property description="Specify the file with search queries" isInputPath="false" isOutputPath="false" isRequired="true" label="Query File" name="queryFilesDirectory" paramtype="FILEPATH" uitype="textfield"/>
        <property description="Specify the path where results will be placed" isInputPath="false" isOutputPath="false" isRequired="true" label="Result pages path" name="outputDir" paramtype="DIRECTORYPATH" uitype="textfield"/>
        <property description="Specify the Logs directory" isInputPath="false" isOutputPath="false" isRequired="true" label="Log path" name="outputLogDir" paramtype="DIRECTORYPATH" uitype="textfield"/>
        <property defaultValue="proxy.fksis.local" description="If you want to use proxy specify the proxy host" isInputPath="false" isOutputPath="false" isRequired="false" label="Proxy Host" name="proxyHost" paramtype="STRING" uitype="textfield"/>
        <property defaultValue="8080" description="If you want to use proxy specify the proxy port" isInputPath="false" isOutputPath="false" isRequired="false" label="Proxy Port" name="proxyPort" paramtype="INTEGER" uitype="textfield"/>
    </properties>
    <assets>
        <asset id="Yahoo Reader MapReduce" type="WORKFLOW"/>
    </assets>
    <imagePath>YahooReader.png</imagePath>
    <categories>BSUIR</categories>
</application-template>
