<configuration>
    <property>
        <name>inputFile</name>
        <value>null</value>
    </property>
    <property>
        <name>outputPath</name>
        <value>null</value>
    </property>
    <property>
        <name>outputLogPath</name>
        <value>null</value>
    </property>
    <property>
        <name>proxyHost</name>
        <value>proxy.fksis.local</value>
    </property>
    <property>
        <name>proxyPort</name>
        <value>8080</value>
    </property>
</configuration>
